dataset,model,hardware,top_k,sample_size,accuracy,mean_retrieval_latency_ms,mean_generation_latency_ms,mean_total_latency_ms,mean_energy_j
gsm8k,qwen3.5:0.8b,unknown,1,1,0.0,1867.817,26649.45,34191.5,1182.2078
gsm8k,qwen3.5:0.8b,windows_10core_pc,0,10,0.0,0.0,20667.748,21441.704,2031.28786
gsm8k,qwen3.5:0.8b,windows_10core_pc,1,10,0.0,1368.4952,21083.546,29360.682,2835.0671
gsm8k,qwen3.5:0.8b,windows_10core_pc,3,10,0.0,1402.7076000000002,21092.965999999997,38124.858,3709.8963200000007
gsm8k,qwen3.5:0.8b,windows_10core_pc,5,10,0.0,1516.3862,21990.697999999997,42205.52,4125.59992
gsm8k,qwen3.5:0.8b-mlx,macbook_air_m1,0,40,0.0,0.0,9390.26,9927.3995,25.355255
gsm8k,qwen3.5:0.8b-mlx,macbook_air_m1,1,40,0.0,843.5334500000001,8320.761499999999,9386.798499999999,28.51332
gsm8k,qwen3.5:0.8b-mlx,macbook_air_m1,3,40,0.0,812.3208000000001,8106.0785000000005,10204.9795,31.254319999999996
gsm8k,qwen3.5:0.8b-mlx,macbook_air_m1,5,40,0.0,813.3637,8147.326499999998,10969.2695,35.768695
