Dataset,Experiment Type,Strategy,Raw Strategy,Raw Dataset,Samples,Accuracy (%),Token F1,ROUGE-L,Total Energy (J),Net Energy (J),Prefill Energy (J),Decode Energy (J),TTFT (ms),Decode Latency (ms),Total Latency (ms),Input Tokens,Output Tokens,Thinking Tokens,Throughput (tok/s),Energy/Token (mJ),Truncation Rate (%)
Natural Questions (QA),Prompting (Exp 1),Zero-shot Direct,zero_shot_direct,natural_questions,100,44.0,0.0875,,261.68,,,,235.2,2427.1,2662.4,74.4,62.9,N/A,25.9,1906.73,2.0
Natural Questions (QA),BM25 RAG (Exp 3),BM25 RAG (top-1),rag_top_1,natural_questions,50,36.0,0.161,,252.704,,,,473.8,2169.7,2643.4,230.5,54.4,N/A,25.09,886.87,2.0
Natural Questions (QA),BM25 RAG (Exp 3),BM25 RAG (top-3),rag_top_3,natural_questions,50,28.0,0.1378,,320.194,,,,846.7,2499.8,3346.5,531.4,62.6,N/A,25.05,539.01,4.0
Natural Questions (QA),BM25 RAG (Exp 3),BM25 RAG (top-5),rag_top_5,natural_questions,50,38.0,0.1257,,338.664,,,,1237.0,2310.2,3547.2,858.3,57.9,N/A,25.08,369.64,2.0
GSM8K (Math),Context Scaling (Exp 2),Context 0 tokens,ctx_0,gsm8k,50,94.0,,,2598.12,,,,418.3,25781.8,26200.0,146.3,513.1,N/A,19.9,3939.77,2.0
GSM8K (Math),Context Scaling (Exp 2),Context 512 tokens,ctx_512,gsm8k,50,92.0,,,2578.613,,,,992.2,25013.6,26005.8,603.8,497.3,N/A,19.88,2341.94,6.0
GSM8K (Math),Context Scaling (Exp 2),Context 1024 tokens,ctx_1024,gsm8k,50,96.0,,,2482.026,,,,1789.6,23295.9,25085.5,1171.8,466.9,N/A,20.04,1514.67,0.0
GSM8K (Math),Context Scaling (Exp 2),Context 2048 tokens,ctx_2048,gsm8k,50,94.0,,,2652.827,,,,3344.1,23523.9,26868.0,2344.8,471.8,N/A,20.06,941.87,6.0
GSM8K (Math),Context Scaling (Exp 2),Context 4096 tokens,ctx_4096,gsm8k,50,92.0,,,2940.322,,,,6422.8,23388.9,29811.7,4713.8,468.7,N/A,20.04,567.36,6.0
Natural Questions (QA),Context Scaling (Exp 2),Context 0 tokens,ctx_0,natural_questions,50,42.0,0.0362,,2213.256,,,,298.8,22660.2,22959.0,77.4,558.9,N/A,24.67,3478.32,12.0
Natural Questions (QA),Context Scaling (Exp 2),Context 512 tokens,ctx_512,natural_questions,50,36.0,0.0381,,2530.825,,,,805.0,25442.1,26247.1,504.9,627.4,N/A,24.66,2235.24,22.0
Natural Questions (QA),Context Scaling (Exp 2),Context 1024 tokens,ctx_1024,natural_questions,50,38.0,0.0343,,2632.252,,,,1594.5,25718.4,27312.9,1115.6,634.3,N/A,24.66,1504.23,22.0
Natural Questions (QA),Context Scaling (Exp 2),Context 2048 tokens,ctx_2048,natural_questions,50,34.0,0.0283,,3211.48,,,,2925.3,30396.4,33321.6,2233.7,749.4,N/A,24.65,1076.57,36.0
Natural Questions (QA),Context Scaling (Exp 2),Context 4096 tokens,ctx_4096,natural_questions,50,32.0,0.0393,,3231.393,,,,5601.3,27950.6,33551.9,4461.4,689.1,N/A,24.65,627.4,34.0
GSM8K (Math),Prompting (Exp 1),Zero-shot Direct,zero_shot_direct,gsm8k,100,92.0,,,767.12,,,,387.2,7342.8,7730.0,142.3,152.3,N/A,20.74,2603.58,2.0
GSM8K (Math),BM25 RAG (Exp 3),BM25 RAG (top-1),rag_top_1,gsm8k,50,88.0,,,774.344,,,,725.9,7108.7,7834.7,390.5,144.3,N/A,20.3,1447.91,0.0
GSM8K (Math),BM25 RAG (Exp 3),BM25 RAG (top-3),rag_top_3,gsm8k,50,92.0,,,862.047,,,,1354.6,7380.8,8735.4,861.2,150.5,N/A,20.39,852.11,2.0
GSM8K (Math),BM25 RAG (Exp 3),BM25 RAG (top-5),rag_top_5,gsm8k,50,82.0,,,1167.358,,,,2001.5,9854.9,11856.4,1325.7,200.1,N/A,20.31,765.05,12.0
GSM8K (Math),Prompting (Exp 1),Few-shot (3),few_shot_3,gsm8k,50,84.0,,,1637.946,,,,615.1,15902.0,16517.0,318.3,316.6,N/A,19.91,2579.85,14.0
GSM8K (Math),Prompting (Exp 1),Zero-shot CoT,zero_shot_cot,gsm8k,50,94.0,,,2585.305,,,,413.9,25648.0,26062.0,146.3,513.1,N/A,20.01,3920.34,2.0
GSM8K (Math),Prompting (Exp 1),Short CoT,short_cot,gsm8k,50,88.0,,,588.598,,,,418.5,5534.1,5952.6,151.3,111.5,N/A,20.15,2239.55,0.0
GSM8K (Math),Prompting (Exp 1),Long CoT,long_cot,gsm8k,50,94.0,,,4143.609,,,,424.8,41332.6,41757.4,144.3,823.1,N/A,19.91,4283.24,4.0
Natural Questions (QA),Prompting (Exp 1),Few-shot (3),few_shot_3,natural_questions,50,34.0,0.0441,,207.427,,,,275.4,1798.8,2074.1,146.4,45.4,N/A,25.23,1081.7,4.0
Natural Questions (QA),Prompting (Exp 1),Zero-shot CoT,zero_shot_cot,natural_questions,50,42.0,0.0362,,2212.849,,,,293.4,22659.7,22953.1,77.4,558.9,N/A,24.67,3477.68,12.0
Natural Questions (QA),Prompting (Exp 1),Short CoT,short_cot,natural_questions,50,36.0,0.058,,526.385,,,,293.8,5192.1,5485.9,81.4,128.8,N/A,24.81,2504.45,2.0
Natural Questions (QA),Prompting (Exp 1),Long CoT,long_cot,natural_questions,50,28.0,0.0356,,5169.701,,,,324.1,53242.8,53566.8,78.4,1311.9,N/A,24.64,3718.57,28.0
