Model,Strategy,Samples,Accuracy (%),Total Energy (J),Prefill Energy (J),Decode Energy (J),Prefill Share,Decode Share,Prefill (mJ/tok),Decode (mJ/tok),Mean Input Tokens,Mean Output Tokens,Mean TTFT (ms),Mean Latency (ms)
qwen3.5:0.8b-mlx,ctx_0,10,0.00%,69.706,1.203,68.503,1.7%,98.3%,0.83,13.38,144.4,512.0,204.9,11638.7
qwen3.5:0.8b-mlx,ctx_1024,10,0.00%,63.251,10.038,53.213,15.9%,84.1%,0.24,3.12,1229.6,512.0,4831.2,22046.8
qwen3.5:0.8b-mlx,ctx_2048,10,0.00%,95.156,22.939,72.217,24.1%,75.9%,0.76,11.28,2399.3,512.0,7905.2,33210.2
qwen3.5:0.8b-mlx,ctx_4096,10,0.00%,107.449,36.632,70.817,34.1%,65.9%,0.78,13.83,4720.2,512.0,12800.8,36835.6
qwen3.5:0.8b-mlx,ctx_512,10,0.00%,154.805,77.236,77.569,49.9%,50.1%,13.32,15.15,580.0,512.0,14247.3,32522.8
qwen3.5:0.8b-mlx,few_shot_3,10,0.00%,45.965,2.050,43.915,4.5%,95.5%,0.62,17.15,328.4,256.0,308.0,6694.3
qwen3.5:0.8b-mlx,long_cot,10,0.00%,135.203,1.722,133.481,1.3%,98.7%,1.15,13.27,149.4,1006.1,301.2,24071.2
qwen3.5:0.8b-mlx,rag_top_1,10,0.00%,18.593,1.763,16.830,9.5%,90.5%,0.44,6.57,403.9,256.0,687.9,7176.4
qwen3.5:0.8b-mlx,rag_top_3,10,0.00%,21.805,3.803,18.002,17.4%,82.6%,0.45,7.03,841.7,256.0,1361.1,7777.0
qwen3.5:0.8b-mlx,rag_top_5,10,0.00%,23.000,4.682,18.317,20.4%,79.6%,0.37,7.16,1281.7,256.0,1619.1,7927.0
qwen3.5:0.8b-mlx,short_cot,10,0.00%,77.186,1.926,75.260,2.5%,97.5%,1.30,14.70,148.4,512.0,336.4,13362.3
qwen3.5:0.8b-mlx,zero_shot_cot,10,0.00%,80.186,2.970,77.216,3.7%,96.3%,2.06,15.08,144.4,512.0,484.6,12811.0
qwen3.5:0.8b-mlx,zero_shot_direct,20,0.00%,24.944,1.689,23.255,6.8%,93.2%,1.22,9.08,138.4,256.0,507.3,7116.0
