Metric Parameter,Measured Value,Unit
Model Name,gemma3:1b,string
Hardware Environment,kaggle_t4_gpu,string
Energy Telemetry Adapter,codecarbon_estimated,method
Total Evaluated Inferences,"1,400",queries
Total Inference Duration,1578.36,seconds
Total Inference Duration (Minutes),26.31,minutes
Total Prompt (Input) Tokens,"1,155,424",tokens
Total Generated (Output) Tokens,"184,549",tokens
Total Token Budget Ingested + Emitted,"1,339,973",tokens
Mean Generation Speed,116.92,tokens/sec
Total Gross Energy Consumed,164545.39,Joules (J)
Total Net Energy Consumed (Excl. Idle),0.00,Joules (J)
Total Electrical Energy in kWh,0.045707,kWh
Mean Active Power Draw,101.37,Watts (W)
Calibrated Idle Power Baseline,N/A,Watts (W)
Unit Energy Cost per Token,122.798,mJ / token
Unit Energy Cost per Query,117.532,Joules / query
Overall Macro Accuracy Across All Tasks,20.07%,percent
