Strategy,Metric,Mean,Median,Standard Deviation,95% Confidence Interval
Zero-shot Direct,Total Accuracy,0.00,0.00,0.00,N/A (n=1)
Zero-shot Direct,Energy (J),1488.61,1475.21,226.03,N/A (n=1)
Zero-shot Direct,Total Latency (ms),36151.58,36058.96,5705.35,N/A (n=1)
Zero-shot Direct,Generation Latency (ms),23060.61,22917.61,550.65,N/A (n=1)
Zero-shot Direct,TTFT (ms),13090.97,12354.88,5688.14,N/A (n=1)
Zero-shot Direct,Thinking Tokens,256.00,256.00,0.00,N/A (n=1)
Zero-shot Direct,Output Tokens,256.00,256.00,0.00,N/A (n=1)
Few-shot (3),Total Accuracy,0.00,0.00,0.00,N/A (n=1)
Few-shot (3),Energy (J),1605.17,1517.19,319.96,N/A (n=1)
Few-shot (3),Total Latency (ms),37877.11,35632.58,7621.39,N/A (n=1)
Few-shot (3),Generation Latency (ms),23433.74,23410.66,391.66,N/A (n=1)
Few-shot (3),TTFT (ms),14443.37,12274.05,7459.72,N/A (n=1)
Few-shot (3),Thinking Tokens,256.00,256.00,0.00,N/A (n=1)
Few-shot (3),Output Tokens,256.00,256.00,0.00,N/A (n=1)
Zero-shot CoT,Total Accuracy,0.00,0.00,0.00,N/A (n=1)
Zero-shot CoT,Energy (J),2592.82,2536.97,275.30,N/A (n=1)
Zero-shot CoT,Total Latency (ms),60624.81,59896.35,7021.51,N/A (n=1)
Zero-shot CoT,Generation Latency (ms),46794.68,46196.76,1681.00,N/A (n=1)
Zero-shot CoT,TTFT (ms),13830.13,12818.24,6426.37,N/A (n=1)
Zero-shot CoT,Thinking Tokens,512.00,512.00,0.00,N/A (n=1)
Zero-shot CoT,Output Tokens,512.00,512.00,0.00,N/A (n=1)
Short CoT,Total Accuracy,0.00,0.00,0.00,N/A (n=1)
Short CoT,Energy (J),2659.99,2616.66,290.90,N/A (n=1)
Short CoT,Total Latency (ms),60521.47,59738.86,6649.17,N/A (n=1)
Short CoT,Generation Latency (ms),46553.49,46691.90,437.46,N/A (n=1)
Short CoT,TTFT (ms),13967.98,13019.69,6314.27,N/A (n=1)
Short CoT,Thinking Tokens,512.00,512.00,0.00,N/A (n=1)
Short CoT,Output Tokens,512.00,512.00,0.00,N/A (n=1)
Long CoT,Total Accuracy,0.00,0.00,0.00,N/A (n=1)
Long CoT,Energy (J),4748.59,4741.89,334.12,N/A (n=1)
Long CoT,Total Latency (ms),107596.42,106958.79,7229.98,N/A (n=1)
Long CoT,Generation Latency (ms),93697.29,93671.06,1173.16,N/A (n=1)
Long CoT,TTFT (ms),13899.13,13155.75,6253.01,N/A (n=1)
Long CoT,Thinking Tokens,1024.00,1024.00,0.00,N/A (n=1)
Long CoT,Output Tokens,1024.00,1024.00,0.00,N/A (n=1)
